model,bias,rmse
linear,0,1.149303915280929
linear,1,1.0715211271330265
ordinal,0,1.1821552079928492
ordinal,1,1.1191619871883296
knn,0,1.0800507650695113
knn,1,0.9864598748965449